{"sniper_pos": [4.848339843749999, 2.5091819699708617], "alchemist_pos": [4.676477050781249, 2.724540901525247], "village_pos": [4.766931152343749, 3.115191986670411], "top_ninja_pos": [2.4844726562499995, 1.8330550918350008], "top_alchemist_pos": [2.5055786132812496, 1.5375626043534023], "bottom_alchemist_pos": [2.5146240234374995, 3.826377295524428], "bottom_ninja_pos": [2.5176391601562496, 3.485809682833772], "play_button_pos": [2.1796875, 5.183333333333334], "expert_button_pos": [3.46875, 5.372222222222223], "infernal_map_pos": [2.4947916666666665, 3.1944444444444446], "easy_button_pos": [1.7083333333333333, 2.2], "deflation_pos": [3.263020833333333, 2.477777777777778], "close_menu_pos": [2.484375, 4.166666666666667], "close_tower_pos": [1.8046875, 4.727777777777778], "end_game1_pos": [2.4921875, 5.022222222222222], "end_game2_pos": [1.8046875, 4.727777777777778]}